# 17030 hard-driving fuel correction map. Ross PDF p6, image img03.png. Claims: R-F09, R-F10.
# Digitised by analysis/ross/digitise.py; resolution about +/-0.072 corr_pct per pixel. Evidence level [PDF]; not ROM data.
# Note: Step function; the step edges are only as sharp as the 100 rpm sampling.
rpm,corr_pct
1100,1.0
1200,1.0
1300,1.0
1400,1.0
1500,1.0
1600,1.0
1700,1.0
1800,1.4
1900,1.8
2000,1.8
2100,1.8
2200,1.8
2300,1.8
2400,1.8
2500,1.8
2600,1.8
2700,1.6
2800,1.6
2900,1.6
3000,1.0
3100,0.4
3200,0.4
3300,0.4
3400,0.4
3500,0.4
3600,0.4
3700,0.4
3800,0.4
3900,0.4
4000,0.4
4100,0.4
4200,0.4
4300,0.4
4400,0.4
4500,0.4
4600,0.4
4700,0.4
4800,0.4
4900,0.4
5000,0.4
5100,0.4
5200,0.4
5300,0.4
5400,0.4
5500,0.4
5600,0.4
5700,0.4
5800,0.4
5900,0.4
6000,0.4
6100,0.4
6200,-1.4
6300,-3.0
6400,-3.0
6500,-4.0
6600,-4.0
6700,-7.4
6800,-7.4
6900,-7.4
7000,-7.4
7100,-7.4
7200,-7.4
