# mk1 MR2 injector response (dead-time) correction, 17030 mk1a. Ross PDF p7, image img05.png. Claims: R-F17.
# Digitised by analysis/ross/digitise.py; resolution about +/-6.9 extra_us per pixel. Evidence level [PDF]; not ROM data.
# Note: Legend box masked out; the plotted line runs from about 6.5 V to 16.5 V.
volts,extra_us
7.0,1413.8
7.5,1296.6
8.0,1179.3
8.5,1069.0
9.0,937.9
9.5,875.9
10.0,803.4
10.5,758.6
11.0,700.0
11.5,644.8
12.0,593.1
12.5,565.5
13.0,527.6
13.5,496.6
14.0,448.3
14.5,406.9
15.0,379.3
15.5,344.8
16.0,303.4
16.5,272.4
