# 17030 ECU 3D ignition table, raw 8-bit values (not degrees). Ross PDF p12, image img09.png. Claims: R-I02, R-I03, R-I04.
# Transcribed by eye from the 4x-enlarged image. Columns are MAP sites 1-8 (cylinder filling increases to the right);
# rows are the 17 rpm sites. Check: tests/test_ross_figures.py compares MAP 1 and 2 with the p13 line chart.
# Col 8 at 2000-2800 (81) and 3600-4000 (85) looked like 6/8 ambiguities; the p13 chart confirms 81/85 (not 61/65).
rpm,map1,map2,map3,map4,map5,map6,map7,map8
800,192,147,107,97,90,37,23,11
1200,201,158,132,109,107,69,54,43
1600,205,184,160,134,121,96,73,68
2000,209,179,140,129,123,113,83,81
2400,212,178,165,149,134,116,90,81
2800,213,199,167,158,151,142,105,81
3200,213,195,173,163,161,128,96,90
3600,213,190,167,162,159,126,105,85
4000,213,183,168,156,141,128,98,85
4400,210,185,168,161,149,132,107,96
4800,207,198,183,170,154,139,126,122
5200,207,191,187,174,152,163,149,144
5600,207,196,188,169,163,143,150,144
6000,207,205,183,164,157,147,149,145
6400,207,203,186,161,161,151,144,141
6800,207,200,179,162,160,150,155,145
7200,207,196,178,168,162,166,158,151
