t_s,coolant_f,coolant_c,rpm,mode,fuel_ratio,inj_load_pulse_us,pulse_us,dead_time_us,inj_per_rev,fuel_us_per_cycle,advance_deg,thw_tadv,o2_trim,byte_83,byte_84,byte_8B,word_8C
2.3,14,-10.0,1000,simultaneous,13.129,10541,11716,1183,1.8,42131,27.7,56,1.0,192,120,95,25120
2.8,14,-10.0,1000,simultaneous,7.371,5904,7906,1183,2.04,26893,27.4,56,1.0,192,119,95,24848
3.3,14,-10.0,1000,simultaneous,7.34,5879,7068,1183,1.92,23538,26.4,56,1.0,192,118,95,24592
3.8,14,-10.0,1000,simultaneous,7.309,5854,7036,1183,2.04,23412,26.3,56,1.0,192,117,95,24320
4.3,14,-10.0,1000,simultaneous,7.25,5807,7003,1183,2.04,23282,26.3,56,1.0,192,115,95,24048
4.8,14,-10.0,1000,simultaneous,7.223,5785,6972,1183,1.92,23156,26.3,56,1.0,192,114,95,23792
5.3,14,-10.0,1000,simultaneous,7.191,5760,6945,1183,2.04,23046,26.3,56,1.0,192,113,95,23520
5.8,14,-10.0,1000,simultaneous,7.133,5713,6910,1183,2.04,22908,26.3,56,1.0,192,111,95,23248
6.3,14,-10.0,1000,simultaneous,7.102,5688,6880,1183,1.92,22790,26.3,56,1.0,192,110,95,22992
6.8,14,-10.0,1000,simultaneous,7.07,5663,6850,1183,2.04,22668,26.3,56,1.0,192,109,95,22720
7.3,14,-10.0,1000,simultaneous,7.012,5616,6818,1183,2.04,22541,26.3,56,1.0,192,107,95,22448
7.8,14,-10.0,1000,simultaneous,6.98,5591,6785,1183,1.92,22408,26.3,56,1.0,192,106,95,22192
8.3,14,-10.0,1000,simultaneous,6.953,5569,6755,1183,2.04,22288,26.3,56,1.0,192,105,95,21920
8.8,14,-10.0,1000,simultaneous,6.922,5544,6725,1183,2.04,22168,26.3,56,1.0,192,104,95,21648
9.3,14,-10.0,1000,simultaneous,6.863,5497,6691,1183,1.92,22033,26.3,56,1.0,192,102,95,21392
9.8,14,-10.0,1000,simultaneous,6.832,5472,6661,1183,2.04,21913,26.3,56,1.0,192,101,95,21120
10.3,14,-10.0,1000,simultaneous,6.805,5450,6632,1183,2.04,21796,26.3,56,1.0,192,100,95,20848
10.8,14,-10.0,1000,simultaneous,6.742,5400,6599,1183,1.92,21665,26.3,56,1.0,192,98,95,20592
11.3,14,-10.0,1000,simultaneous,6.715,5378,6566,1183,2.04,21531,26.3,56,1.0,192,97,95,20320
11.8,14,-10.0,1000,simultaneous,6.684,5353,6538,1183,2.04,21419,26.3,56,1.0,192,96,95,20048
12.3,14,-10.0,1000,simultaneous,6.625,5328,6506,1183,1.92,21293,26.3,56,1.0,192,94,95,19792
12.8,14,-10.0,1000,simultaneous,6.594,5281,6475,1183,2.04,21166,26.3,56,1.0,192,93,95,19520
13.3,14,-10.0,1000,simultaneous,6.562,5256,6442,1183,2.04,21037,26.3,56,1.0,192,92,95,19248
13.8,14,-10.0,1000,simultaneous,6.535,5234,6414,1183,1.92,20923,26.3,56,1.0,192,91,95,18992
14.3,14,-10.0,1000,simultaneous,6.477,5187,6380,1183,2.04,20787,26.3,56,1.0,192,89,95,18720
14.8,14,-10.0,1000,simultaneous,6.445,5162,6351,1183,2.04,20672,26.3,56,1.0,192,88,95,18448
15.3,14,-10.0,1000,simultaneous,6.414,5137,6319,1183,1.92,20544,26.3,56,1.0,192,87,95,18192
15.8,14,-10.0,1000,simultaneous,6.355,5090,6290,1183,2.04,20428,26.3,56,1.0,192,85,95,17920
16.3,14,-10.0,1000,simultaneous,6.324,5065,6255,1183,2.04,20287,26.3,56,1.0,192,84,95,17648
16.8,14,-10.0,1000,simultaneous,6.297,5043,6228,1183,1.92,20178,26.3,56,1.0,192,83,95,17392
17.3,14,-10.0,1000,simultaneous,6.234,4993,6195,1183,2.04,20050,26.3,56,1.0,192,81,95,17120
17.8,14,-10.0,1000,simultaneous,6.207,4971,6162,1183,2.04,19915,26.3,56,1.0,192,80,95,16848
18.3,14,-10.0,1000,simultaneous,6.176,4946,6134,1183,1.92,19803,26.3,56,1.0,192,79,95,16592
18.8,14,-10.0,1000,simultaneous,6.117,4921,6103,1183,2.04,19681,26.3,56,1.0,192,77,95,16320
19.3,14,-10.0,1000,simultaneous,6.086,4874,6068,1183,2.04,19538,26.3,56,1.0,192,76,95,16048
19.8,14,-10.0,1000,simultaneous,6.059,4852,6039,1183,1.92,19424,26.3,56,1.0,192,75,95,15792
20.3,14,-10.0,1000,simultaneous,6.027,4827,6011,1183,2.04,19312,26.3,56,1.0,192,74,95,15520
20.8,14,-10.0,1000,simultaneous,5.969,4780,5975,1183,2.04,19167,26.3,56,1.0,192,72,95,15248
21.3,14,-10.0,1000,simultaneous,5.938,4755,5946,1183,1.92,19053,26.3,56,1.0,192,71,95,14992
21.8,14,-10.0,1000,simultaneous,5.906,4730,5915,1183,2.04,18928,26.3,56,1.0,192,70,95,14720
22.3,14,-10.0,1000,simultaneous,5.848,4683,5887,1183,2.04,18814,26.3,56,1.0,192,68,95,14448
22.8,14,-10.0,1000,simultaneous,5.816,4658,5849,1183,1.92,18665,26.3,56,1.0,192,67,95,14192
23.3,14,-10.0,1000,simultaneous,5.789,4637,5821,1183,2.04,18552,26.3,56,1.0,192,66,95,13920
23.8,14,-10.0,1000,simultaneous,5.73,4612,5792,1183,2.04,18436,26.3,56,1.0,192,64,95,13648
24.3,14,-10.0,1000,simultaneous,5.699,4565,5760,1183,1.92,18307,26.3,56,1.0,192,63,95,13392
24.8,14,-10.0,1000,simultaneous,5.668,4540,5728,1183,2.04,18182,26.3,56,1.0,192,62,95,13120
25.3,14,-10.0,1000,simultaneous,5.641,4518,5698,1183,2.04,18062,26.3,56,1.0,192,61,95,12848
25.8,14,-10.0,1000,simultaneous,5.578,4468,5666,1183,1.92,17931,26.3,56,1.0,192,59,95,12592
26.3,14,-10.0,1000,simultaneous,5.551,4446,5633,1183,2.04,17801,26.3,56,1.0,192,58,95,12320
26.8,14,-10.0,1000,simultaneous,5.52,4421,5605,1183,2.04,17689,26.3,56,1.0,192,57,95,12048
27.3,14,-10.0,1000,simultaneous,5.461,4374,5572,1183,1.92,17555,26.3,56,1.0,192,55,95,11792
27.8,14,-10.0,1000,simultaneous,5.43,4349,5540,1183,2.04,17429,26.3,56,1.0,192,54,95,11520
28.3,14,-10.0,1000,simultaneous,5.398,4324,5510,1183,2.04,17308,26.3,56,1.0,192,53,95,11248
28.8,14,-10.0,1000,simultaneous,5.34,4302,5480,1183,1.92,17190,26.3,56,1.0,192,51,95,10992
29.3,14,-10.0,1000,simultaneous,5.312,4255,5447,1183,2.04,17055,26.3,56,1.0,192,50,95,10720
29.8,14,-10.0,1000,simultaneous,5.281,4230,5418,1183,2.04,16941,26.3,56,1.0,192,49,95,10448
30.3,14,-10.0,1000,simultaneous,5.25,4205,5386,1183,1.92,16813,26.3,56,1.0,192,48,95,10192
30.8,14,-10.0,1000,simultaneous,5.191,4158,5355,1183,2.04,16688,26.3,56,1.0,192,46,95,9920
31.3,14,-10.0,1000,simultaneous,5.16,4133,5321,1183,2.04,16552,26.3,56,1.0,192,45,95,9648
31.8,14,-10.0,1000,simultaneous,5.133,4111,5293,1183,1.92,16441,26.3,56,1.0,192,44,95,9392
32.3,14,-10.0,1000,simultaneous,5.07,4061,5263,1183,2.04,16322,26.3,56,1.0,192,42,95,9120
32.8,14,-10.0,1000,simultaneous,5.043,4039,5229,1183,2.04,16184,26.3,56,1.0,192,41,95,8848
33.3,14,-10.0,1000,simultaneous,5.012,4014,5199,1183,1.92,16062,26.3,56,1.0,192,40,95,8592
33.8,14,-10.0,1000,simultaneous,4.953,3989,5170,1183,2.04,15946,26.3,56,1.0,192,38,95,8320
34.3,14,-10.0,1000,simultaneous,4.922,3942,5134,1183,2.04,15805,26.3,56,1.0,192,37,95,8048
34.8,14,-10.0,1000,simultaneous,4.895,3920,5105,1183,1.92,15689,26.3,56,1.0,192,36,95,7792
35.3,14,-10.0,1000,simultaneous,4.863,3895,5077,1183,2.04,15576,26.3,56,1.0,192,35,95,7520
35.8,14,-10.0,1000,simultaneous,4.805,3848,5042,1183,2.04,15438,26.3,56,1.0,192,33,95,7248
36.3,14,-10.0,1000,simultaneous,4.773,3823,5011,1183,1.92,15312,26.3,56,1.0,192,32,95,6992
36.8,14,-10.0,1000,simultaneous,4.742,3798,4982,1183,2.04,15195,26.3,56,1.0,192,31,95,6720
37.3,14,-10.0,1000,simultaneous,4.684,3751,4951,1183,2.04,15070,26.3,56,1.0,192,29,95,6448
37.8,14,-10.0,1000,simultaneous,4.652,3726,4918,1183,1.92,14938,26.3,56,1.0,192,28,95,6192
38.3,14,-10.0,1000,simultaneous,4.625,3704,4888,1183,2.04,14821,26.3,56,1.0,192,27,95,5920
38.8,14,-10.0,1000,simultaneous,4.566,3657,4857,1183,2.04,14697,26.3,56,1.0,192,25,95,5648
39.3,14,-10.0,1000,simultaneous,4.535,3632,4825,1183,1.92,14566,26.3,56,1.0,192,24,95,5392
39.8,14,-10.0,1000,simultaneous,4.504,3607,4793,1183,2.04,14441,26.3,56,1.0,192,23,95,5120
40.3,14,-10.0,1000,simultaneous,4.445,3585,4764,1183,2.04,14325,26.3,56,1.0,192,21,95,4848
40.8,14,-10.0,1000,simultaneous,4.414,3535,4730,1183,1.92,14188,26.3,56,1.0,192,20,95,4592
41.3,14,-10.0,1000,simultaneous,4.387,3513,4700,1183,2.04,14069,26.3,56,1.0,192,19,95,4320
41.8,14,-10.0,1000,simultaneous,4.355,3488,4672,1183,2.04,13954,26.3,56,1.0,192,18,95,4048
42.3,14,-10.0,1000,simultaneous,4.297,3441,4636,1183,1.92,13813,26.3,56,1.0,192,16,95,3792
42.8,14,-10.0,1000,simultaneous,4.266,3416,4606,1183,2.04,13692,26.3,56,1.0,192,15,95,3520
43.3,14,-10.0,1000,simultaneous,4.234,3391,4577,1183,2.04,13574,26.3,56,1.0,192,14,95,3248
43.8,14,-10.0,1000,simultaneous,4.176,3344,4546,1183,1.92,13450,26.3,56,1.0,192,12,95,2992
44.3,14,-10.0,1000,simultaneous,4.148,3322,4513,1183,2.04,13318,26.3,56,1.0,192,11,95,2720
44.8,14,-10.0,1000,simultaneous,4.117,3297,4485,1183,2.04,13208,26.3,56,1.0,192,10,95,2448
45.3,14,-10.0,1000,simultaneous,4.086,3272,4452,1183,1.92,13076,26.3,56,1.0,192,9,95,2192
45.8,14,-10.0,1000,simultaneous,4.027,3225,4420,1183,2.04,12946,26.3,56,1.0,192,7,95,1920
46.3,14,-10.0,1000,simultaneous,3.996,3200,4389,1183,2.04,12825,26.3,56,1.0,192,6,95,1648
46.8,14,-10.0,1000,simultaneous,3.969,3178,4360,1183,1.92,12706,26.3,56,1.0,192,5,95,1392
47.3,14,-10.0,1000,simultaneous,3.906,3128,4327,1183,2.04,12577,26.3,56,1.0,192,3,95,1120
47.8,14,-10.0,1000,simultaneous,3.879,3107,4294,1183,2.04,12442,26.3,56,1.0,192,2,95,848
48.3,14,-10.0,1000,simultaneous,3.848,3081,4266,1183,1.92,12331,26.3,56,1.0,192,1,95,592
48.8,14,-10.0,1000,simultaneous,3.82,3060,4238,1183,2.04,12221,26.3,56,1.0,192,0,95,320
49.3,14,-10.0,1000,simultaneous,3.82,3060,4234,1183,2.04,12202,26.3,56,1.0,192,0,95,48
49.8,14,-10.0,1000,simultaneous,3.82,3060,4234,1183,1.92,12205,26.3,56,1.0,192,0,95,48
50.3,14,-10.0,1000,simultaneous,3.82,3060,4234,1183,2.04,12206,26.3,56,1.0,192,0,95,32
50.8,14,-10.0,1000,simultaneous,3.82,3060,4236,1183,2.04,12211,26.3,56,1.0,192,0,95,16
51.3,14,-10.0,1000,simultaneous,3.82,3060,4234,1183,1.92,12203,26.3,56,1.0,192,0,95,16
51.8,14,-10.0,1000,simultaneous,3.82,3060,4234,1183,2.04,12205,26.3,56,1.0,192,0,95,0
52.3,14,-10.0,1000,simultaneous,3.82,3060,4233,1183,2.04,12200,26.3,56,1.0,192,0,95,240
52.8,14,-10.0,1000,simultaneous,3.82,3060,4234,1183,1.92,12203,26.3,56,1.0,192,0,95,240
53.3,14,-10.0,1000,simultaneous,3.82,3060,4234,1183,2.04,12205,26.3,56,1.0,192,0,95,224
53.8,14,-10.0,1000,simultaneous,3.82,3060,4235,1183,2.04,12206,26.3,56,1.0,192,0,95,208
54.3,14,-10.0,1000,simultaneous,3.82,3060,4235,1183,1.92,12208,26.3,56,1.0,192,0,95,208
54.8,14,-10.0,1000,simultaneous,3.82,3060,4233,1183,2.04,12200,26.3,56,1.0,192,0,95,192
55.3,14,-10.0,1000,simultaneous,3.82,3060,4235,1183,2.04,12207,26.3,56,1.0,192,0,95,176
55.8,14,-10.0,1000,simultaneous,3.82,3060,4234,1183,1.92,12205,26.3,56,1.0,192,0,95,176
56.3,14,-10.0,1000,simultaneous,3.82,3060,4234,1183,2.04,12204,26.3,56,1.0,192,0,95,160
56.8,14,-10.0,1000,simultaneous,3.82,3060,4235,1183,2.04,12207,26.3,56,1.0,192,0,95,144
57.3,14,-10.0,1000,simultaneous,3.82,3060,4235,1183,1.92,12207,26.3,56,1.0,192,0,95,144
57.8,14,-10.0,1000,simultaneous,3.82,3060,4235,1183,2.04,12208,26.3,56,1.0,192,0,95,128
58.3,14,-10.0,1000,simultaneous,3.82,3060,4235,1183,2.04,12208,26.3,56,1.0,192,0,95,112
58.8,14,-10.0,1000,simultaneous,3.82,3060,4235,1183,1.92,12209,26.3,56,1.0,192,0,95,112
59.3,14,-10.0,1000,simultaneous,3.82,3060,4234,1183,2.04,12205,26.3,56,1.0,192,0,95,96
59.8,14,-10.0,1000,simultaneous,3.82,3060,4235,1183,2.04,12210,26.3,56,1.0,192,0,95,80
60.3,14,-10.0,1000,simultaneous,3.82,3060,4234,1183,1.92,12206,26.3,56,1.0,192,0,95,80
60.8,14,-10.0,1000,simultaneous,3.82,3060,4234,1183,2.04,12205,26.3,56,1.0,192,0,95,64
61.3,14,-10.0,1000,simultaneous,3.82,3060,4235,1183,2.04,12209,26.3,56,1.0,192,0,95,48
61.8,14,-10.0,1000,simultaneous,3.82,3060,4234,1183,1.92,12206,26.3,56,1.0,192,0,95,48
